repeat,accuracy,balanced_accuracy,precision,recall,f1,n_train,n_test
0,1.0,1.0,1.0,1.0,1.0,20,4
1,0.75,0.75,1.0,0.5,0.6666666666666666,20,4
2,0.5,0.5,0.0,0.0,0.0,20,4
3,1.0,1.0,1.0,1.0,1.0,20,4
4,0.75,0.75,1.0,0.5,0.6666666666666666,20,4
5,0.75,0.75,1.0,0.5,0.6666666666666666,20,4
6,0.75,0.75,1.0,0.5,0.6666666666666666,20,4
7,1.0,1.0,1.0,1.0,1.0,20,4
8,0.75,0.75,1.0,0.5,0.6666666666666666,20,4
9,0.75,0.75,1.0,0.5,0.6666666666666666,20,4
10,1.0,1.0,1.0,1.0,1.0,20,4
11,1.0,1.0,1.0,1.0,1.0,20,4
12,1.0,1.0,1.0,1.0,1.0,20,4
13,1.0,1.0,1.0,1.0,1.0,20,4
14,0.75,0.75,0.6666666666666666,1.0,0.8,20,4
15,0.75,0.75,0.6666666666666666,1.0,0.8,20,4
16,0.5,0.5,0.0,0.0,0.0,20,4
17,1.0,1.0,1.0,1.0,1.0,20,4
18,0.75,0.75,0.6666666666666666,1.0,0.8,20,4
19,0.5,0.5,0.0,0.0,0.0,20,4
20,0.5,0.5,0.0,0.0,0.0,20,4
21,0.75,0.75,1.0,0.5,0.6666666666666666,20,4
22,1.0,1.0,1.0,1.0,1.0,20,4
23,1.0,1.0,1.0,1.0,1.0,20,4
24,1.0,1.0,1.0,1.0,1.0,20,4
25,0.75,0.75,1.0,0.5,0.6666666666666666,20,4
26,1.0,1.0,1.0,1.0,1.0,20,4
27,1.0,1.0,1.0,1.0,1.0,20,4
28,1.0,1.0,1.0,1.0,1.0,20,4
29,1.0,1.0,1.0,1.0,1.0,20,4
30,0.5,0.5,0.5,0.5,0.5,20,4
31,0.75,0.75,1.0,0.5,0.6666666666666666,20,4
32,0.75,0.75,0.6666666666666666,1.0,0.8,20,4
33,1.0,1.0,1.0,1.0,1.0,20,4
34,1.0,1.0,1.0,1.0,1.0,20,4
35,0.5,0.5,0.0,0.0,0.0,20,4
36,1.0,1.0,1.0,1.0,1.0,20,4
37,0.75,0.75,1.0,0.5,0.6666666666666666,20,4
38,0.75,0.75,0.6666666666666666,1.0,0.8,20,4
39,0.75,0.75,0.6666666666666666,1.0,0.8,20,4
40,1.0,1.0,1.0,1.0,1.0,20,4
41,0.75,0.75,1.0,0.5,0.6666666666666666,20,4
42,0.75,0.75,1.0,0.5,0.6666666666666666,20,4
43,0.5,0.5,0.0,0.0,0.0,20,4
44,1.0,1.0,1.0,1.0,1.0,20,4
45,0.5,0.5,0.0,0.0,0.0,20,4
46,1.0,1.0,1.0,1.0,1.0,20,4
47,1.0,1.0,1.0,1.0,1.0,20,4
48,1.0,1.0,1.0,1.0,1.0,20,4
49,1.0,1.0,1.0,1.0,1.0,20,4
50,1.0,1.0,1.0,1.0,1.0,20,4
51,0.75,0.75,1.0,0.5,0.6666666666666666,20,4
52,0.75,0.75,1.0,0.5,0.6666666666666666,20,4
53,0.5,0.5,0.5,0.5,0.5,20,4
54,0.75,0.75,1.0,0.5,0.6666666666666666,20,4
55,1.0,1.0,1.0,1.0,1.0,20,4
56,1.0,1.0,1.0,1.0,1.0,20,4
57,1.0,1.0,1.0,1.0,1.0,20,4
58,1.0,1.0,1.0,1.0,1.0,20,4
59,0.75,0.75,1.0,0.5,0.6666666666666666,20,4
60,0.75,0.75,1.0,0.5,0.6666666666666666,20,4
61,1.0,1.0,1.0,1.0,1.0,20,4
62,0.75,0.75,1.0,0.5,0.6666666666666666,20,4
63,0.75,0.75,1.0,0.5,0.6666666666666666,20,4
64,1.0,1.0,1.0,1.0,1.0,20,4
65,0.5,0.5,0.5,1.0,0.6666666666666666,20,4
66,1.0,1.0,1.0,1.0,1.0,20,4
67,0.75,0.75,1.0,0.5,0.6666666666666666,20,4
68,1.0,1.0,1.0,1.0,1.0,20,4
69,0.75,0.75,1.0,0.5,0.6666666666666666,20,4
70,0.75,0.75,1.0,0.5,0.6666666666666666,20,4
71,1.0,1.0,1.0,1.0,1.0,20,4
72,1.0,1.0,1.0,1.0,1.0,20,4
73,1.0,1.0,1.0,1.0,1.0,20,4
74,0.75,0.75,1.0,0.5,0.6666666666666666,20,4
75,1.0,1.0,1.0,1.0,1.0,20,4
76,1.0,1.0,1.0,1.0,1.0,20,4
77,0.5,0.5,0.5,0.5,0.5,20,4
78,0.75,0.75,1.0,0.5,0.6666666666666666,20,4
79,1.0,1.0,1.0,1.0,1.0,20,4
80,1.0,1.0,1.0,1.0,1.0,20,4
81,0.75,0.75,1.0,0.5,0.6666666666666666,20,4
82,1.0,1.0,1.0,1.0,1.0,20,4
83,1.0,1.0,1.0,1.0,1.0,20,4
84,1.0,1.0,1.0,1.0,1.0,20,4
85,1.0,1.0,1.0,1.0,1.0,20,4
86,0.75,0.75,1.0,0.5,0.6666666666666666,20,4
87,0.75,0.75,1.0,0.5,0.6666666666666666,20,4
88,0.25,0.25,0.3333333333333333,0.5,0.4,20,4
89,0.75,0.75,1.0,0.5,0.6666666666666666,20,4
90,1.0,1.0,1.0,1.0,1.0,20,4
91,1.0,1.0,1.0,1.0,1.0,20,4
92,1.0,1.0,1.0,1.0,1.0,20,4
93,0.75,0.75,1.0,0.5,0.6666666666666666,20,4
94,1.0,1.0,1.0,1.0,1.0,20,4
95,1.0,1.0,1.0,1.0,1.0,20,4
96,1.0,1.0,1.0,1.0,1.0,20,4
97,1.0,1.0,1.0,1.0,1.0,20,4
98,1.0,1.0,1.0,1.0,1.0,20,4
99,0.5,0.5,0.0,0.0,0.0,20,4
100,0.5,0.5,0.5,0.5,0.5,20,4
101,1.0,1.0,1.0,1.0,1.0,20,4
102,1.0,1.0,1.0,1.0,1.0,20,4
103,1.0,1.0,1.0,1.0,1.0,20,4
104,1.0,1.0,1.0,1.0,1.0,20,4
105,1.0,1.0,1.0,1.0,1.0,20,4
106,0.75,0.75,1.0,0.5,0.6666666666666666,20,4
107,0.75,0.75,0.6666666666666666,1.0,0.8,20,4
108,1.0,1.0,1.0,1.0,1.0,20,4
109,0.75,0.75,1.0,0.5,0.6666666666666666,20,4
110,1.0,1.0,1.0,1.0,1.0,20,4
111,0.75,0.75,0.6666666666666666,1.0,0.8,20,4
112,1.0,1.0,1.0,1.0,1.0,20,4
113,1.0,1.0,1.0,1.0,1.0,20,4
114,1.0,1.0,1.0,1.0,1.0,20,4
115,0.25,0.25,0.0,0.0,0.0,20,4
116,1.0,1.0,1.0,1.0,1.0,20,4
117,1.0,1.0,1.0,1.0,1.0,20,4
118,1.0,1.0,1.0,1.0,1.0,20,4
119,1.0,1.0,1.0,1.0,1.0,20,4
120,0.5,0.5,0.0,0.0,0.0,20,4
121,1.0,1.0,1.0,1.0,1.0,20,4
122,1.0,1.0,1.0,1.0,1.0,20,4
123,1.0,1.0,1.0,1.0,1.0,20,4
124,0.75,0.75,1.0,0.5,0.6666666666666666,20,4
125,1.0,1.0,1.0,1.0,1.0,20,4
126,0.75,0.75,1.0,0.5,0.6666666666666666,20,4
127,1.0,1.0,1.0,1.0,1.0,20,4
128,0.75,0.75,1.0,0.5,0.6666666666666666,20,4
129,0.75,0.75,1.0,0.5,0.6666666666666666,20,4
130,1.0,1.0,1.0,1.0,1.0,20,4
131,1.0,1.0,1.0,1.0,1.0,20,4
132,0.75,0.75,1.0,0.5,0.6666666666666666,20,4
133,0.75,0.75,1.0,0.5,0.6666666666666666,20,4
134,0.75,0.75,1.0,0.5,0.6666666666666666,20,4
135,1.0,1.0,1.0,1.0,1.0,20,4
136,1.0,1.0,1.0,1.0,1.0,20,4
137,1.0,1.0,1.0,1.0,1.0,20,4
138,1.0,1.0,1.0,1.0,1.0,20,4
139,0.75,0.75,1.0,0.5,0.6666666666666666,20,4
140,0.75,0.75,1.0,0.5,0.6666666666666666,20,4
141,1.0,1.0,1.0,1.0,1.0,20,4
142,1.0,1.0,1.0,1.0,1.0,20,4
143,0.75,0.75,1.0,0.5,0.6666666666666666,20,4
144,0.5,0.5,0.5,0.5,0.5,20,4
145,0.5,0.5,0.5,0.5,0.5,20,4
146,0.75,0.75,1.0,0.5,0.6666666666666666,20,4
147,1.0,1.0,1.0,1.0,1.0,20,4
148,1.0,1.0,1.0,1.0,1.0,20,4
149,0.75,0.75,1.0,0.5,0.6666666666666666,20,4
150,0.75,0.75,0.6666666666666666,1.0,0.8,20,4
151,1.0,1.0,1.0,1.0,1.0,20,4
152,1.0,1.0,1.0,1.0,1.0,20,4
153,1.0,1.0,1.0,1.0,1.0,20,4
154,0.5,0.5,0.0,0.0,0.0,20,4
155,0.75,0.75,1.0,0.5,0.6666666666666666,20,4
156,1.0,1.0,1.0,1.0,1.0,20,4
157,0.75,0.75,1.0,0.5,0.6666666666666666,20,4
158,1.0,1.0,1.0,1.0,1.0,20,4
159,1.0,1.0,1.0,1.0,1.0,20,4
160,1.0,1.0,1.0,1.0,1.0,20,4
161,0.75,0.75,1.0,0.5,0.6666666666666666,20,4
162,1.0,1.0,1.0,1.0,1.0,20,4
163,0.75,0.75,1.0,0.5,0.6666666666666666,20,4
164,0.75,0.75,1.0,0.5,0.6666666666666666,20,4
165,1.0,1.0,1.0,1.0,1.0,20,4
166,0.75,0.75,1.0,0.5,0.6666666666666666,20,4
167,1.0,1.0,1.0,1.0,1.0,20,4
168,1.0,1.0,1.0,1.0,1.0,20,4
169,1.0,1.0,1.0,1.0,1.0,20,4
170,0.75,0.75,1.0,0.5,0.6666666666666666,20,4
171,1.0,1.0,1.0,1.0,1.0,20,4
172,1.0,1.0,1.0,1.0,1.0,20,4
173,0.75,0.75,1.0,0.5,0.6666666666666666,20,4
174,0.5,0.5,0.0,0.0,0.0,20,4
175,1.0,1.0,1.0,1.0,1.0,20,4
176,0.75,0.75,1.0,0.5,0.6666666666666666,20,4
177,0.75,0.75,1.0,0.5,0.6666666666666666,20,4
178,0.75,0.75,0.6666666666666666,1.0,0.8,20,4
179,1.0,1.0,1.0,1.0,1.0,20,4
180,1.0,1.0,1.0,1.0,1.0,20,4
181,1.0,1.0,1.0,1.0,1.0,20,4
182,1.0,1.0,1.0,1.0,1.0,20,4
183,1.0,1.0,1.0,1.0,1.0,20,4
184,0.75,0.75,1.0,0.5,0.6666666666666666,20,4
185,1.0,1.0,1.0,1.0,1.0,20,4
186,0.75,0.75,1.0,0.5,0.6666666666666666,20,4
187,0.75,0.75,1.0,0.5,0.6666666666666666,20,4
188,0.75,0.75,1.0,0.5,0.6666666666666666,20,4
189,0.75,0.75,1.0,0.5,0.6666666666666666,20,4
190,0.75,0.75,1.0,0.5,0.6666666666666666,20,4
191,0.75,0.75,0.6666666666666666,1.0,0.8,20,4
192,1.0,1.0,1.0,1.0,1.0,20,4
193,1.0,1.0,1.0,1.0,1.0,20,4
194,0.75,0.75,1.0,0.5,0.6666666666666666,20,4
195,1.0,1.0,1.0,1.0,1.0,20,4
196,1.0,1.0,1.0,1.0,1.0,20,4
197,0.75,0.75,1.0,0.5,0.6666666666666666,20,4
198,0.75,0.75,0.6666666666666666,1.0,0.8,20,4
199,0.5,0.5,0.5,0.5,0.5,20,4
200,0.75,0.75,0.6666666666666666,1.0,0.8,20,4
201,0.75,0.75,0.6666666666666666,1.0,0.8,20,4
202,0.75,0.75,1.0,0.5,0.6666666666666666,20,4
203,0.5,0.5,0.0,0.0,0.0,20,4
204,0.5,0.5,0.0,0.0,0.0,20,4
205,1.0,1.0,1.0,1.0,1.0,20,4
206,1.0,1.0,1.0,1.0,1.0,20,4
207,1.0,1.0,1.0,1.0,1.0,20,4
208,1.0,1.0,1.0,1.0,1.0,20,4
209,1.0,1.0,1.0,1.0,1.0,20,4
210,1.0,1.0,1.0,1.0,1.0,20,4
211,0.5,0.5,0.5,0.5,0.5,20,4
212,0.75,0.75,1.0,0.5,0.6666666666666666,20,4
213,1.0,1.0,1.0,1.0,1.0,20,4
214,1.0,1.0,1.0,1.0,1.0,20,4
215,0.75,0.75,0.6666666666666666,1.0,0.8,20,4
216,1.0,1.0,1.0,1.0,1.0,20,4
217,0.75,0.75,0.6666666666666666,1.0,0.8,20,4
218,1.0,1.0,1.0,1.0,1.0,20,4
219,0.75,0.75,1.0,0.5,0.6666666666666666,20,4
220,0.5,0.5,0.0,0.0,0.0,20,4
221,1.0,1.0,1.0,1.0,1.0,20,4
222,0.75,0.75,0.6666666666666666,1.0,0.8,20,4
223,0.75,0.75,1.0,0.5,0.6666666666666666,20,4
224,0.5,0.5,0.0,0.0,0.0,20,4
225,0.75,0.75,0.6666666666666666,1.0,0.8,20,4
226,1.0,1.0,1.0,1.0,1.0,20,4
227,0.25,0.25,0.0,0.0,0.0,20,4
228,0.5,0.5,0.5,0.5,0.5,20,4
229,1.0,1.0,1.0,1.0,1.0,20,4
230,0.75,0.75,1.0,0.5,0.6666666666666666,20,4
231,0.5,0.5,0.0,0.0,0.0,20,4
232,0.75,0.75,1.0,0.5,0.6666666666666666,20,4
233,1.0,1.0,1.0,1.0,1.0,20,4
234,1.0,1.0,1.0,1.0,1.0,20,4
235,1.0,1.0,1.0,1.0,1.0,20,4
236,1.0,1.0,1.0,1.0,1.0,20,4
237,1.0,1.0,1.0,1.0,1.0,20,4
238,1.0,1.0,1.0,1.0,1.0,20,4
239,1.0,1.0,1.0,1.0,1.0,20,4
240,0.75,0.75,1.0,0.5,0.6666666666666666,20,4
241,0.5,0.5,0.0,0.0,0.0,20,4
242,0.75,0.75,1.0,0.5,0.6666666666666666,20,4
243,1.0,1.0,1.0,1.0,1.0,20,4
244,0.75,0.75,1.0,0.5,0.6666666666666666,20,4
245,0.75,0.75,1.0,0.5,0.6666666666666666,20,4
246,0.75,0.75,1.0,0.5,0.6666666666666666,20,4
247,1.0,1.0,1.0,1.0,1.0,20,4
248,1.0,1.0,1.0,1.0,1.0,20,4
249,1.0,1.0,1.0,1.0,1.0,20,4
250,0.75,0.75,1.0,0.5,0.6666666666666666,20,4
251,0.75,0.75,1.0,0.5,0.6666666666666666,20,4
252,0.75,0.75,1.0,0.5,0.6666666666666666,20,4
253,0.75,0.75,1.0,0.5,0.6666666666666666,20,4
254,1.0,1.0,1.0,1.0,1.0,20,4
255,0.75,0.75,1.0,0.5,0.6666666666666666,20,4
256,1.0,1.0,1.0,1.0,1.0,20,4
257,1.0,1.0,1.0,1.0,1.0,20,4
258,1.0,1.0,1.0,1.0,1.0,20,4
259,1.0,1.0,1.0,1.0,1.0,20,4
260,1.0,1.0,1.0,1.0,1.0,20,4
261,0.75,0.75,1.0,0.5,0.6666666666666666,20,4
262,1.0,1.0,1.0,1.0,1.0,20,4
263,0.75,0.75,1.0,0.5,0.6666666666666666,20,4
264,0.75,0.75,0.6666666666666666,1.0,0.8,20,4
265,0.75,0.75,1.0,0.5,0.6666666666666666,20,4
266,0.75,0.75,0.6666666666666666,1.0,0.8,20,4
267,1.0,1.0,1.0,1.0,1.0,20,4
268,0.5,0.5,0.5,1.0,0.6666666666666666,20,4
269,1.0,1.0,1.0,1.0,1.0,20,4
270,1.0,1.0,1.0,1.0,1.0,20,4
271,1.0,1.0,1.0,1.0,1.0,20,4
272,1.0,1.0,1.0,1.0,1.0,20,4
273,1.0,1.0,1.0,1.0,1.0,20,4
274,0.75,0.75,1.0,0.5,0.6666666666666666,20,4
275,1.0,1.0,1.0,1.0,1.0,20,4
276,0.75,0.75,1.0,0.5,0.6666666666666666,20,4
277,1.0,1.0,1.0,1.0,1.0,20,4
278,1.0,1.0,1.0,1.0,1.0,20,4
279,1.0,1.0,1.0,1.0,1.0,20,4
280,0.75,0.75,1.0,0.5,0.6666666666666666,20,4
281,0.5,0.5,0.0,0.0,0.0,20,4
282,1.0,1.0,1.0,1.0,1.0,20,4
283,0.75,0.75,0.6666666666666666,1.0,0.8,20,4
284,1.0,1.0,1.0,1.0,1.0,20,4
285,0.75,0.75,1.0,0.5,0.6666666666666666,20,4
286,1.0,1.0,1.0,1.0,1.0,20,4
287,1.0,1.0,1.0,1.0,1.0,20,4
288,1.0,1.0,1.0,1.0,1.0,20,4
289,0.5,0.5,0.0,0.0,0.0,20,4
290,1.0,1.0,1.0,1.0,1.0,20,4
291,1.0,1.0,1.0,1.0,1.0,20,4
292,1.0,1.0,1.0,1.0,1.0,20,4
293,1.0,1.0,1.0,1.0,1.0,20,4
294,1.0,1.0,1.0,1.0,1.0,20,4
295,1.0,1.0,1.0,1.0,1.0,20,4
296,0.75,0.75,1.0,0.5,0.6666666666666666,20,4
297,0.75,0.75,1.0,0.5,0.6666666666666666,20,4
298,0.5,0.5,0.5,0.5,0.5,20,4
299,0.75,0.75,1.0,0.5,0.6666666666666666,20,4
300,0.75,0.75,1.0,0.5,0.6666666666666666,20,4
301,1.0,1.0,1.0,1.0,1.0,20,4
302,0.75,0.75,0.6666666666666666,1.0,0.8,20,4
303,0.5,0.5,0.0,0.0,0.0,20,4
304,0.75,0.75,1.0,0.5,0.6666666666666666,20,4
305,0.5,0.5,0.0,0.0,0.0,20,4
306,0.75,0.75,0.6666666666666666,1.0,0.8,20,4
307,1.0,1.0,1.0,1.0,1.0,20,4
308,1.0,1.0,1.0,1.0,1.0,20,4
309,0.75,0.75,1.0,0.5,0.6666666666666666,20,4
310,0.75,0.75,0.6666666666666666,1.0,0.8,20,4
311,1.0,1.0,1.0,1.0,1.0,20,4
312,0.25,0.25,0.0,0.0,0.0,20,4
313,1.0,1.0,1.0,1.0,1.0,20,4
314,1.0,1.0,1.0,1.0,1.0,20,4
315,1.0,1.0,1.0,1.0,1.0,20,4
316,1.0,1.0,1.0,1.0,1.0,20,4
317,1.0,1.0,1.0,1.0,1.0,20,4
318,0.75,0.75,0.6666666666666666,1.0,0.8,20,4
319,0.5,0.5,0.0,0.0,0.0,20,4
320,1.0,1.0,1.0,1.0,1.0,20,4
321,1.0,1.0,1.0,1.0,1.0,20,4
322,0.75,0.75,1.0,0.5,0.6666666666666666,20,4
323,1.0,1.0,1.0,1.0,1.0,20,4
324,1.0,1.0,1.0,1.0,1.0,20,4
325,0.75,0.75,0.6666666666666666,1.0,0.8,20,4
326,1.0,1.0,1.0,1.0,1.0,20,4
327,1.0,1.0,1.0,1.0,1.0,20,4
328,0.75,0.75,1.0,0.5,0.6666666666666666,20,4
329,0.5,0.5,0.0,0.0,0.0,20,4
330,0.75,0.75,1.0,0.5,0.6666666666666666,20,4
331,0.75,0.75,1.0,0.5,0.6666666666666666,20,4
332,1.0,1.0,1.0,1.0,1.0,20,4
333,1.0,1.0,1.0,1.0,1.0,20,4
334,0.75,0.75,1.0,0.5,0.6666666666666666,20,4
335,1.0,1.0,1.0,1.0,1.0,20,4
336,0.5,0.5,0.5,0.5,0.5,20,4
337,0.75,0.75,1.0,0.5,0.6666666666666666,20,4
338,1.0,1.0,1.0,1.0,1.0,20,4
339,1.0,1.0,1.0,1.0,1.0,20,4
340,0.75,0.75,1.0,0.5,0.6666666666666666,20,4
341,1.0,1.0,1.0,1.0,1.0,20,4
342,1.0,1.0,1.0,1.0,1.0,20,4
343,1.0,1.0,1.0,1.0,1.0,20,4
344,1.0,1.0,1.0,1.0,1.0,20,4
345,0.75,0.75,0.6666666666666666,1.0,0.8,20,4
346,1.0,1.0,1.0,1.0,1.0,20,4
347,0.75,0.75,1.0,0.5,0.6666666666666666,20,4
348,0.75,0.75,1.0,0.5,0.6666666666666666,20,4
349,0.75,0.75,0.6666666666666666,1.0,0.8,20,4
350,1.0,1.0,1.0,1.0,1.0,20,4
351,1.0,1.0,1.0,1.0,1.0,20,4
352,1.0,1.0,1.0,1.0,1.0,20,4
353,0.75,0.75,1.0,0.5,0.6666666666666666,20,4
354,1.0,1.0,1.0,1.0,1.0,20,4
355,1.0,1.0,1.0,1.0,1.0,20,4
356,0.75,0.75,1.0,0.5,0.6666666666666666,20,4
357,0.75,0.75,0.6666666666666666,1.0,0.8,20,4
358,1.0,1.0,1.0,1.0,1.0,20,4
359,1.0,1.0,1.0,1.0,1.0,20,4
360,0.75,0.75,1.0,0.5,0.6666666666666666,20,4
361,1.0,1.0,1.0,1.0,1.0,20,4
362,1.0,1.0,1.0,1.0,1.0,20,4
363,1.0,1.0,1.0,1.0,1.0,20,4
364,1.0,1.0,1.0,1.0,1.0,20,4
365,0.75,0.75,1.0,0.5,0.6666666666666666,20,4
366,0.25,0.25,0.0,0.0,0.0,20,4
367,1.0,1.0,1.0,1.0,1.0,20,4
368,1.0,1.0,1.0,1.0,1.0,20,4
369,1.0,1.0,1.0,1.0,1.0,20,4
370,1.0,1.0,1.0,1.0,1.0,20,4
371,1.0,1.0,1.0,1.0,1.0,20,4
372,1.0,1.0,1.0,1.0,1.0,20,4
373,0.75,0.75,1.0,0.5,0.6666666666666666,20,4
374,0.75,0.75,1.0,0.5,0.6666666666666666,20,4
375,1.0,1.0,1.0,1.0,1.0,20,4
376,1.0,1.0,1.0,1.0,1.0,20,4
377,0.75,0.75,1.0,0.5,0.6666666666666666,20,4
378,0.5,0.5,0.5,0.5,0.5,20,4
379,0.75,0.75,1.0,0.5,0.6666666666666666,20,4
380,1.0,1.0,1.0,1.0,1.0,20,4
381,0.5,0.5,0.5,0.5,0.5,20,4
382,0.75,0.75,0.6666666666666666,1.0,0.8,20,4
383,0.75,0.75,1.0,0.5,0.6666666666666666,20,4
384,1.0,1.0,1.0,1.0,1.0,20,4
385,1.0,1.0,1.0,1.0,1.0,20,4
386,1.0,1.0,1.0,1.0,1.0,20,4
387,0.75,0.75,1.0,0.5,0.6666666666666666,20,4
388,0.5,0.5,0.5,0.5,0.5,20,4
389,1.0,1.0,1.0,1.0,1.0,20,4
390,1.0,1.0,1.0,1.0,1.0,20,4
391,1.0,1.0,1.0,1.0,1.0,20,4
392,0.5,0.5,0.5,0.5,0.5,20,4
393,0.75,0.75,0.6666666666666666,1.0,0.8,20,4
394,0.75,0.75,1.0,0.5,0.6666666666666666,20,4
395,0.75,0.75,1.0,0.5,0.6666666666666666,20,4
396,1.0,1.0,1.0,1.0,1.0,20,4
397,1.0,1.0,1.0,1.0,1.0,20,4
398,0.75,0.75,1.0,0.5,0.6666666666666666,20,4
399,1.0,1.0,1.0,1.0,1.0,20,4
400,0.75,0.75,1.0,0.5,0.6666666666666666,20,4
401,0.75,0.75,1.0,0.5,0.6666666666666666,20,4
402,0.75,0.75,1.0,0.5,0.6666666666666666,20,4
403,1.0,1.0,1.0,1.0,1.0,20,4
404,0.5,0.5,0.5,1.0,0.6666666666666666,20,4
405,1.0,1.0,1.0,1.0,1.0,20,4
406,0.75,0.75,1.0,0.5,0.6666666666666666,20,4
407,1.0,1.0,1.0,1.0,1.0,20,4
408,0.5,0.5,0.5,0.5,0.5,20,4
409,1.0,1.0,1.0,1.0,1.0,20,4
410,1.0,1.0,1.0,1.0,1.0,20,4
411,1.0,1.0,1.0,1.0,1.0,20,4
412,0.75,0.75,0.6666666666666666,1.0,0.8,20,4
413,1.0,1.0,1.0,1.0,1.0,20,4
414,0.5,0.5,0.0,0.0,0.0,20,4
415,0.75,0.75,1.0,0.5,0.6666666666666666,20,4
416,0.5,0.5,0.0,0.0,0.0,20,4
417,1.0,1.0,1.0,1.0,1.0,20,4
418,0.75,0.75,1.0,0.5,0.6666666666666666,20,4
419,1.0,1.0,1.0,1.0,1.0,20,4
420,0.75,0.75,0.6666666666666666,1.0,0.8,20,4
421,0.75,0.75,0.6666666666666666,1.0,0.8,20,4
422,0.75,0.75,1.0,0.5,0.6666666666666666,20,4
423,1.0,1.0,1.0,1.0,1.0,20,4
424,0.5,0.5,0.0,0.0,0.0,20,4
425,1.0,1.0,1.0,1.0,1.0,20,4
426,0.75,0.75,0.6666666666666666,1.0,0.8,20,4
427,1.0,1.0,1.0,1.0,1.0,20,4
428,1.0,1.0,1.0,1.0,1.0,20,4
429,1.0,1.0,1.0,1.0,1.0,20,4
430,1.0,1.0,1.0,1.0,1.0,20,4
431,1.0,1.0,1.0,1.0,1.0,20,4
432,0.75,0.75,1.0,0.5,0.6666666666666666,20,4
433,1.0,1.0,1.0,1.0,1.0,20,4
434,0.75,0.75,1.0,0.5,0.6666666666666666,20,4
435,0.75,0.75,1.0,0.5,0.6666666666666666,20,4
436,0.75,0.75,0.6666666666666666,1.0,0.8,20,4
437,0.75,0.75,0.6666666666666666,1.0,0.8,20,4
438,0.5,0.5,0.0,0.0,0.0,20,4
439,0.75,0.75,1.0,0.5,0.6666666666666666,20,4
440,1.0,1.0,1.0,1.0,1.0,20,4
441,0.75,0.75,1.0,0.5,0.6666666666666666,20,4
442,0.75,0.75,1.0,0.5,0.6666666666666666,20,4
443,0.5,0.5,0.0,0.0,0.0,20,4
444,1.0,1.0,1.0,1.0,1.0,20,4
445,1.0,1.0,1.0,1.0,1.0,20,4
446,0.75,0.75,1.0,0.5,0.6666666666666666,20,4
447,0.75,0.75,1.0,0.5,0.6666666666666666,20,4
448,0.75,0.75,1.0,0.5,0.6666666666666666,20,4
449,1.0,1.0,1.0,1.0,1.0,20,4
450,0.75,0.75,1.0,0.5,0.6666666666666666,20,4
451,0.5,0.5,0.0,0.0,0.0,20,4
452,0.75,0.75,1.0,0.5,0.6666666666666666,20,4
453,1.0,1.0,1.0,1.0,1.0,20,4
454,1.0,1.0,1.0,1.0,1.0,20,4
455,1.0,1.0,1.0,1.0,1.0,20,4
456,1.0,1.0,1.0,1.0,1.0,20,4
457,0.5,0.5,0.5,0.5,0.5,20,4
458,0.75,0.75,1.0,0.5,0.6666666666666666,20,4
459,0.75,0.75,1.0,0.5,0.6666666666666666,20,4
460,0.5,0.5,0.0,0.0,0.0,20,4
461,0.75,0.75,1.0,0.5,0.6666666666666666,20,4
462,0.5,0.5,0.0,0.0,0.0,20,4
463,1.0,1.0,1.0,1.0,1.0,20,4
464,1.0,1.0,1.0,1.0,1.0,20,4
465,0.5,0.5,0.0,0.0,0.0,20,4
466,0.75,0.75,0.6666666666666666,1.0,0.8,20,4
467,0.75,0.75,1.0,0.5,0.6666666666666666,20,4
468,1.0,1.0,1.0,1.0,1.0,20,4
469,1.0,1.0,1.0,1.0,1.0,20,4
470,1.0,1.0,1.0,1.0,1.0,20,4
471,0.75,0.75,1.0,0.5,0.6666666666666666,20,4
472,1.0,1.0,1.0,1.0,1.0,20,4
473,0.75,0.75,1.0,0.5,0.6666666666666666,20,4
474,0.75,0.75,1.0,0.5,0.6666666666666666,20,4
475,1.0,1.0,1.0,1.0,1.0,20,4
476,0.75,0.75,0.6666666666666666,1.0,0.8,20,4
477,0.75,0.75,1.0,0.5,0.6666666666666666,20,4
478,0.75,0.75,1.0,0.5,0.6666666666666666,20,4
479,1.0,1.0,1.0,1.0,1.0,20,4
480,1.0,1.0,1.0,1.0,1.0,20,4
481,1.0,1.0,1.0,1.0,1.0,20,4
482,0.75,0.75,0.6666666666666666,1.0,0.8,20,4
483,0.75,0.75,1.0,0.5,0.6666666666666666,20,4
484,1.0,1.0,1.0,1.0,1.0,20,4
485,1.0,1.0,1.0,1.0,1.0,20,4
486,1.0,1.0,1.0,1.0,1.0,20,4
487,0.5,0.5,0.0,0.0,0.0,20,4
488,1.0,1.0,1.0,1.0,1.0,20,4
489,0.0,0.0,0.0,0.0,0.0,20,4
490,1.0,1.0,1.0,1.0,1.0,20,4
491,1.0,1.0,1.0,1.0,1.0,20,4
492,1.0,1.0,1.0,1.0,1.0,20,4
493,0.75,0.75,1.0,0.5,0.6666666666666666,20,4
494,1.0,1.0,1.0,1.0,1.0,20,4
495,1.0,1.0,1.0,1.0,1.0,20,4
496,1.0,1.0,1.0,1.0,1.0,20,4
497,0.75,0.75,1.0,0.5,0.6666666666666666,20,4
498,1.0,1.0,1.0,1.0,1.0,20,4
499,0.75,0.75,1.0,0.5,0.6666666666666666,20,4
500,0.75,0.75,1.0,0.5,0.6666666666666666,20,4
501,0.75,0.75,1.0,0.5,0.6666666666666666,20,4
502,0.5,0.5,0.5,1.0,0.6666666666666666,20,4
503,0.5,0.5,0.0,0.0,0.0,20,4
504,0.5,0.5,0.5,0.5,0.5,20,4
505,1.0,1.0,1.0,1.0,1.0,20,4
506,1.0,1.0,1.0,1.0,1.0,20,4
507,1.0,1.0,1.0,1.0,1.0,20,4
508,0.5,0.5,0.0,0.0,0.0,20,4
509,1.0,1.0,1.0,1.0,1.0,20,4
510,1.0,1.0,1.0,1.0,1.0,20,4
511,1.0,1.0,1.0,1.0,1.0,20,4
512,0.75,0.75,1.0,0.5,0.6666666666666666,20,4
513,1.0,1.0,1.0,1.0,1.0,20,4
514,1.0,1.0,1.0,1.0,1.0,20,4
515,0.75,0.75,1.0,0.5,0.6666666666666666,20,4
516,0.75,0.75,1.0,0.5,0.6666666666666666,20,4
517,1.0,1.0,1.0,1.0,1.0,20,4
518,1.0,1.0,1.0,1.0,1.0,20,4
519,1.0,1.0,1.0,1.0,1.0,20,4
520,0.5,0.5,0.0,0.0,0.0,20,4
521,1.0,1.0,1.0,1.0,1.0,20,4
522,1.0,1.0,1.0,1.0,1.0,20,4
523,1.0,1.0,1.0,1.0,1.0,20,4
524,1.0,1.0,1.0,1.0,1.0,20,4
525,0.75,0.75,1.0,0.5,0.6666666666666666,20,4
526,0.75,0.75,1.0,0.5,0.6666666666666666,20,4
527,0.75,0.75,1.0,0.5,0.6666666666666666,20,4
528,1.0,1.0,1.0,1.0,1.0,20,4
529,0.75,0.75,0.6666666666666666,1.0,0.8,20,4
530,1.0,1.0,1.0,1.0,1.0,20,4
531,0.75,0.75,1.0,0.5,0.6666666666666666,20,4
532,1.0,1.0,1.0,1.0,1.0,20,4
533,1.0,1.0,1.0,1.0,1.0,20,4
534,1.0,1.0,1.0,1.0,1.0,20,4
535,0.75,0.75,0.6666666666666666,1.0,0.8,20,4
536,1.0,1.0,1.0,1.0,1.0,20,4
537,0.75,0.75,0.6666666666666666,1.0,0.8,20,4
538,1.0,1.0,1.0,1.0,1.0,20,4
539,0.75,0.75,0.6666666666666666,1.0,0.8,20,4
540,1.0,1.0,1.0,1.0,1.0,20,4
541,0.75,0.75,1.0,0.5,0.6666666666666666,20,4
542,0.75,0.75,1.0,0.5,0.6666666666666666,20,4
543,0.75,0.75,0.6666666666666666,1.0,0.8,20,4
544,0.75,0.75,1.0,0.5,0.6666666666666666,20,4
545,0.75,0.75,1.0,0.5,0.6666666666666666,20,4
546,1.0,1.0,1.0,1.0,1.0,20,4
547,0.25,0.25,0.3333333333333333,0.5,0.4,20,4
548,0.5,0.5,0.5,1.0,0.6666666666666666,20,4
549,0.75,0.75,0.6666666666666666,1.0,0.8,20,4
550,1.0,1.0,1.0,1.0,1.0,20,4
551,0.75,0.75,1.0,0.5,0.6666666666666666,20,4
552,1.0,1.0,1.0,1.0,1.0,20,4
553,0.75,0.75,0.6666666666666666,1.0,0.8,20,4
554,0.75,0.75,1.0,0.5,0.6666666666666666,20,4
555,1.0,1.0,1.0,1.0,1.0,20,4
556,1.0,1.0,1.0,1.0,1.0,20,4
557,0.5,0.5,0.0,0.0,0.0,20,4
558,0.75,0.75,1.0,0.5,0.6666666666666666,20,4
559,1.0,1.0,1.0,1.0,1.0,20,4
560,0.75,0.75,1.0,0.5,0.6666666666666666,20,4
561,1.0,1.0,1.0,1.0,1.0,20,4
562,0.5,0.5,0.0,0.0,0.0,20,4
563,0.75,0.75,1.0,0.5,0.6666666666666666,20,4
564,0.75,0.75,0.6666666666666666,1.0,0.8,20,4
565,0.5,0.5,0.5,0.5,0.5,20,4
566,0.75,0.75,0.6666666666666666,1.0,0.8,20,4
567,1.0,1.0,1.0,1.0,1.0,20,4
568,0.75,0.75,1.0,0.5,0.6666666666666666,20,4
569,1.0,1.0,1.0,1.0,1.0,20,4
570,0.75,0.75,1.0,0.5,0.6666666666666666,20,4
571,1.0,1.0,1.0,1.0,1.0,20,4
572,0.75,0.75,1.0,0.5,0.6666666666666666,20,4
573,0.75,0.75,1.0,0.5,0.6666666666666666,20,4
574,0.75,0.75,1.0,0.5,0.6666666666666666,20,4
575,1.0,1.0,1.0,1.0,1.0,20,4
576,1.0,1.0,1.0,1.0,1.0,20,4
577,0.75,0.75,1.0,0.5,0.6666666666666666,20,4
578,0.75,0.75,1.0,0.5,0.6666666666666666,20,4
579,0.75,0.75,1.0,0.5,0.6666666666666666,20,4
580,0.75,0.75,0.6666666666666666,1.0,0.8,20,4
581,0.75,0.75,1.0,0.5,0.6666666666666666,20,4
582,1.0,1.0,1.0,1.0,1.0,20,4
583,1.0,1.0,1.0,1.0,1.0,20,4
584,0.5,0.5,0.0,0.0,0.0,20,4
585,0.75,0.75,1.0,0.5,0.6666666666666666,20,4
586,0.75,0.75,1.0,0.5,0.6666666666666666,20,4
587,0.5,0.5,0.0,0.0,0.0,20,4
588,1.0,1.0,1.0,1.0,1.0,20,4
589,1.0,1.0,1.0,1.0,1.0,20,4
590,0.75,0.75,1.0,0.5,0.6666666666666666,20,4
591,0.75,0.75,1.0,0.5,0.6666666666666666,20,4
592,0.5,0.5,0.5,0.5,0.5,20,4
593,0.5,0.5,0.5,0.5,0.5,20,4
594,0.75,0.75,1.0,0.5,0.6666666666666666,20,4
595,0.75,0.75,1.0,0.5,0.6666666666666666,20,4
596,0.75,0.75,1.0,0.5,0.6666666666666666,20,4
597,1.0,1.0,1.0,1.0,1.0,20,4
598,0.75,0.75,1.0,0.5,0.6666666666666666,20,4
599,1.0,1.0,1.0,1.0,1.0,20,4
600,0.75,0.75,1.0,0.5,0.6666666666666666,20,4
601,0.75,0.75,1.0,0.5,0.6666666666666666,20,4
602,1.0,1.0,1.0,1.0,1.0,20,4
603,1.0,1.0,1.0,1.0,1.0,20,4
604,0.75,0.75,0.6666666666666666,1.0,0.8,20,4
605,1.0,1.0,1.0,1.0,1.0,20,4
606,1.0,1.0,1.0,1.0,1.0,20,4
607,1.0,1.0,1.0,1.0,1.0,20,4
608,0.75,0.75,1.0,0.5,0.6666666666666666,20,4
609,0.75,0.75,0.6666666666666666,1.0,0.8,20,4
610,1.0,1.0,1.0,1.0,1.0,20,4
611,0.75,0.75,1.0,0.5,0.6666666666666666,20,4
612,0.75,0.75,1.0,0.5,0.6666666666666666,20,4
613,0.75,0.75,1.0,0.5,0.6666666666666666,20,4
614,0.75,0.75,1.0,0.5,0.6666666666666666,20,4
615,0.75,0.75,1.0,0.5,0.6666666666666666,20,4
616,1.0,1.0,1.0,1.0,1.0,20,4
617,0.75,0.75,1.0,0.5,0.6666666666666666,20,4
618,0.75,0.75,0.6666666666666666,1.0,0.8,20,4
619,0.75,0.75,1.0,0.5,0.6666666666666666,20,4
620,0.75,0.75,1.0,0.5,0.6666666666666666,20,4
621,1.0,1.0,1.0,1.0,1.0,20,4
622,0.75,0.75,1.0,0.5,0.6666666666666666,20,4
623,1.0,1.0,1.0,1.0,1.0,20,4
624,1.0,1.0,1.0,1.0,1.0,20,4
625,1.0,1.0,1.0,1.0,1.0,20,4
626,0.5,0.5,0.5,0.5,0.5,20,4
627,1.0,1.0,1.0,1.0,1.0,20,4
628,0.75,0.75,1.0,0.5,0.6666666666666666,20,4
629,0.75,0.75,1.0,0.5,0.6666666666666666,20,4
630,0.5,0.5,0.0,0.0,0.0,20,4
631,1.0,1.0,1.0,1.0,1.0,20,4
632,1.0,1.0,1.0,1.0,1.0,20,4
633,0.75,0.75,1.0,0.5,0.6666666666666666,20,4
634,0.75,0.75,1.0,0.5,0.6666666666666666,20,4
635,1.0,1.0,1.0,1.0,1.0,20,4
636,1.0,1.0,1.0,1.0,1.0,20,4
637,1.0,1.0,1.0,1.0,1.0,20,4
638,0.5,0.5,0.0,0.0,0.0,20,4
639,1.0,1.0,1.0,1.0,1.0,20,4
640,0.75,0.75,1.0,0.5,0.6666666666666666,20,4
641,0.5,0.5,0.5,1.0,0.6666666666666666,20,4
642,0.75,0.75,1.0,0.5,0.6666666666666666,20,4
643,1.0,1.0,1.0,1.0,1.0,20,4
644,1.0,1.0,1.0,1.0,1.0,20,4
645,0.75,0.75,1.0,0.5,0.6666666666666666,20,4
646,0.75,0.75,1.0,0.5,0.6666666666666666,20,4
647,1.0,1.0,1.0,1.0,1.0,20,4
648,0.75,0.75,1.0,0.5,0.6666666666666666,20,4
649,1.0,1.0,1.0,1.0,1.0,20,4
650,0.5,0.5,0.0,0.0,0.0,20,4
651,1.0,1.0,1.0,1.0,1.0,20,4
652,0.5,0.5,0.0,0.0,0.0,20,4
653,1.0,1.0,1.0,1.0,1.0,20,4
654,1.0,1.0,1.0,1.0,1.0,20,4
655,0.5,0.5,0.5,0.5,0.5,20,4
656,0.75,0.75,1.0,0.5,0.6666666666666666,20,4
657,0.5,0.5,0.5,0.5,0.5,20,4
658,1.0,1.0,1.0,1.0,1.0,20,4
659,0.75,0.75,1.0,0.5,0.6666666666666666,20,4
660,1.0,1.0,1.0,1.0,1.0,20,4
661,0.75,0.75,1.0,0.5,0.6666666666666666,20,4
662,1.0,1.0,1.0,1.0,1.0,20,4
663,0.75,0.75,1.0,0.5,0.6666666666666666,20,4
664,0.75,0.75,1.0,0.5,0.6666666666666666,20,4
665,1.0,1.0,1.0,1.0,1.0,20,4
666,0.75,0.75,0.6666666666666666,1.0,0.8,20,4
667,1.0,1.0,1.0,1.0,1.0,20,4
668,0.5,0.5,0.5,0.5,0.5,20,4
669,0.75,0.75,1.0,0.5,0.6666666666666666,20,4
670,1.0,1.0,1.0,1.0,1.0,20,4
671,0.75,0.75,1.0,0.5,0.6666666666666666,20,4
672,1.0,1.0,1.0,1.0,1.0,20,4
673,1.0,1.0,1.0,1.0,1.0,20,4
674,0.75,0.75,1.0,0.5,0.6666666666666666,20,4
675,0.75,0.75,0.6666666666666666,1.0,0.8,20,4
676,0.75,0.75,1.0,0.5,0.6666666666666666,20,4
677,1.0,1.0,1.0,1.0,1.0,20,4
678,0.75,0.75,1.0,0.5,0.6666666666666666,20,4
679,0.75,0.75,0.6666666666666666,1.0,0.8,20,4
680,0.75,0.75,1.0,0.5,0.6666666666666666,20,4
681,1.0,1.0,1.0,1.0,1.0,20,4
682,1.0,1.0,1.0,1.0,1.0,20,4
683,1.0,1.0,1.0,1.0,1.0,20,4
684,0.75,0.75,1.0,0.5,0.6666666666666666,20,4
685,1.0,1.0,1.0,1.0,1.0,20,4
686,1.0,1.0,1.0,1.0,1.0,20,4
687,0.75,0.75,1.0,0.5,0.6666666666666666,20,4
688,0.75,0.75,0.6666666666666666,1.0,0.8,20,4
689,1.0,1.0,1.0,1.0,1.0,20,4
690,0.5,0.5,0.5,0.5,0.5,20,4
691,1.0,1.0,1.0,1.0,1.0,20,4
692,0.75,0.75,0.6666666666666666,1.0,0.8,20,4
693,0.5,0.5,0.5,0.5,0.5,20,4
694,1.0,1.0,1.0,1.0,1.0,20,4
695,0.75,0.75,0.6666666666666666,1.0,0.8,20,4
696,1.0,1.0,1.0,1.0,1.0,20,4
697,1.0,1.0,1.0,1.0,1.0,20,4
698,1.0,1.0,1.0,1.0,1.0,20,4
699,1.0,1.0,1.0,1.0,1.0,20,4
700,1.0,1.0,1.0,1.0,1.0,20,4
701,0.75,0.75,1.0,0.5,0.6666666666666666,20,4
702,1.0,1.0,1.0,1.0,1.0,20,4
703,0.75,0.75,0.6666666666666666,1.0,0.8,20,4
704,1.0,1.0,1.0,1.0,1.0,20,4
705,1.0,1.0,1.0,1.0,1.0,20,4
706,0.75,0.75,1.0,0.5,0.6666666666666666,20,4
707,1.0,1.0,1.0,1.0,1.0,20,4
708,0.75,0.75,1.0,0.5,0.6666666666666666,20,4
709,0.5,0.5,0.0,0.0,0.0,20,4
710,1.0,1.0,1.0,1.0,1.0,20,4
711,1.0,1.0,1.0,1.0,1.0,20,4
712,1.0,1.0,1.0,1.0,1.0,20,4
713,1.0,1.0,1.0,1.0,1.0,20,4
714,0.5,0.5,0.0,0.0,0.0,20,4
715,0.75,0.75,1.0,0.5,0.6666666666666666,20,4
716,0.75,0.75,1.0,0.5,0.6666666666666666,20,4
717,0.75,0.75,1.0,0.5,0.6666666666666666,20,4
718,1.0,1.0,1.0,1.0,1.0,20,4
719,1.0,1.0,1.0,1.0,1.0,20,4
720,0.5,0.5,0.0,0.0,0.0,20,4
721,0.75,0.75,1.0,0.5,0.6666666666666666,20,4
722,0.75,0.75,0.6666666666666666,1.0,0.8,20,4
723,1.0,1.0,1.0,1.0,1.0,20,4
724,1.0,1.0,1.0,1.0,1.0,20,4
725,1.0,1.0,1.0,1.0,1.0,20,4
726,0.75,0.75,1.0,0.5,0.6666666666666666,20,4
727,1.0,1.0,1.0,1.0,1.0,20,4
728,1.0,1.0,1.0,1.0,1.0,20,4
729,1.0,1.0,1.0,1.0,1.0,20,4
730,1.0,1.0,1.0,1.0,1.0,20,4
731,1.0,1.0,1.0,1.0,1.0,20,4
732,1.0,1.0,1.0,1.0,1.0,20,4
733,0.5,0.5,0.5,0.5,0.5,20,4
734,0.75,0.75,1.0,0.5,0.6666666666666666,20,4
735,1.0,1.0,1.0,1.0,1.0,20,4
736,0.75,0.75,1.0,0.5,0.6666666666666666,20,4
737,0.5,0.5,0.5,0.5,0.5,20,4
738,1.0,1.0,1.0,1.0,1.0,20,4
739,1.0,1.0,1.0,1.0,1.0,20,4
740,0.75,0.75,1.0,0.5,0.6666666666666666,20,4
741,1.0,1.0,1.0,1.0,1.0,20,4
742,0.75,0.75,1.0,0.5,0.6666666666666666,20,4
743,0.75,0.75,1.0,0.5,0.6666666666666666,20,4
744,1.0,1.0,1.0,1.0,1.0,20,4
745,0.75,0.75,0.6666666666666666,1.0,0.8,20,4
746,0.5,0.5,0.5,0.5,0.5,20,4
747,0.5,0.5,0.5,1.0,0.6666666666666666,20,4
748,0.75,0.75,1.0,0.5,0.6666666666666666,20,4
749,0.75,0.75,1.0,0.5,0.6666666666666666,20,4
750,0.5,0.5,0.5,0.5,0.5,20,4
751,0.75,0.75,1.0,0.5,0.6666666666666666,20,4
752,0.75,0.75,1.0,0.5,0.6666666666666666,20,4
753,1.0,1.0,1.0,1.0,1.0,20,4
754,1.0,1.0,1.0,1.0,1.0,20,4
755,1.0,1.0,1.0,1.0,1.0,20,4
756,0.5,0.5,0.0,0.0,0.0,20,4
757,1.0,1.0,1.0,1.0,1.0,20,4
758,0.75,0.75,1.0,0.5,0.6666666666666666,20,4
759,0.75,0.75,0.6666666666666666,1.0,0.8,20,4
760,1.0,1.0,1.0,1.0,1.0,20,4
761,1.0,1.0,1.0,1.0,1.0,20,4
762,0.5,0.5,0.0,0.0,0.0,20,4
763,0.75,0.75,1.0,0.5,0.6666666666666666,20,4
764,0.75,0.75,1.0,0.5,0.6666666666666666,20,4
765,0.5,0.5,0.5,0.5,0.5,20,4
766,0.5,0.5,0.0,0.0,0.0,20,4
767,1.0,1.0,1.0,1.0,1.0,20,4
768,0.5,0.5,0.0,0.0,0.0,20,4
769,0.75,0.75,1.0,0.5,0.6666666666666666,20,4
770,1.0,1.0,1.0,1.0,1.0,20,4
771,1.0,1.0,1.0,1.0,1.0,20,4
772,0.5,0.5,0.0,0.0,0.0,20,4
773,1.0,1.0,1.0,1.0,1.0,20,4
774,1.0,1.0,1.0,1.0,1.0,20,4
775,0.75,0.75,1.0,0.5,0.6666666666666666,20,4
776,0.5,0.5,0.0,0.0,0.0,20,4
777,1.0,1.0,1.0,1.0,1.0,20,4
778,0.75,0.75,1.0,0.5,0.6666666666666666,20,4
779,0.75,0.75,0.6666666666666666,1.0,0.8,20,4
780,0.75,0.75,1.0,0.5,0.6666666666666666,20,4
781,1.0,1.0,1.0,1.0,1.0,20,4
782,1.0,1.0,1.0,1.0,1.0,20,4
783,1.0,1.0,1.0,1.0,1.0,20,4
784,0.75,0.75,1.0,0.5,0.6666666666666666,20,4
785,0.75,0.75,1.0,0.5,0.6666666666666666,20,4
786,0.75,0.75,0.6666666666666666,1.0,0.8,20,4
787,1.0,1.0,1.0,1.0,1.0,20,4
788,0.5,0.5,0.0,0.0,0.0,20,4
789,0.75,0.75,0.6666666666666666,1.0,0.8,20,4
790,1.0,1.0,1.0,1.0,1.0,20,4
791,1.0,1.0,1.0,1.0,1.0,20,4
792,0.75,0.75,1.0,0.5,0.6666666666666666,20,4
793,0.75,0.75,0.6666666666666666,1.0,0.8,20,4
794,1.0,1.0,1.0,1.0,1.0,20,4
795,1.0,1.0,1.0,1.0,1.0,20,4
796,0.75,0.75,1.0,0.5,0.6666666666666666,20,4
797,1.0,1.0,1.0,1.0,1.0,20,4
798,1.0,1.0,1.0,1.0,1.0,20,4
799,0.5,0.5,0.5,0.5,0.5,20,4
800,1.0,1.0,1.0,1.0,1.0,20,4
801,0.25,0.25,0.3333333333333333,0.5,0.4,20,4
802,1.0,1.0,1.0,1.0,1.0,20,4
803,0.75,0.75,1.0,0.5,0.6666666666666666,20,4
804,1.0,1.0,1.0,1.0,1.0,20,4
805,0.75,0.75,1.0,0.5,0.6666666666666666,20,4
806,1.0,1.0,1.0,1.0,1.0,20,4
807,1.0,1.0,1.0,1.0,1.0,20,4
808,1.0,1.0,1.0,1.0,1.0,20,4
809,1.0,1.0,1.0,1.0,1.0,20,4
810,0.75,0.75,0.6666666666666666,1.0,0.8,20,4
811,1.0,1.0,1.0,1.0,1.0,20,4
812,1.0,1.0,1.0,1.0,1.0,20,4
813,1.0,1.0,1.0,1.0,1.0,20,4
814,1.0,1.0,1.0,1.0,1.0,20,4
815,1.0,1.0,1.0,1.0,1.0,20,4
816,0.75,0.75,1.0,0.5,0.6666666666666666,20,4
817,0.75,0.75,1.0,0.5,0.6666666666666666,20,4
818,1.0,1.0,1.0,1.0,1.0,20,4
819,0.75,0.75,1.0,0.5,0.6666666666666666,20,4
820,1.0,1.0,1.0,1.0,1.0,20,4
821,0.75,0.75,1.0,0.5,0.6666666666666666,20,4
822,0.75,0.75,0.6666666666666666,1.0,0.8,20,4
823,1.0,1.0,1.0,1.0,1.0,20,4
824,0.75,0.75,1.0,0.5,0.6666666666666666,20,4
825,0.75,0.75,1.0,0.5,0.6666666666666666,20,4
826,0.75,0.75,1.0,0.5,0.6666666666666666,20,4
827,0.75,0.75,1.0,0.5,0.6666666666666666,20,4
828,1.0,1.0,1.0,1.0,1.0,20,4
829,0.5,0.5,0.5,0.5,0.5,20,4
830,0.75,0.75,1.0,0.5,0.6666666666666666,20,4
831,1.0,1.0,1.0,1.0,1.0,20,4
832,0.5,0.5,0.0,0.0,0.0,20,4
833,0.75,0.75,1.0,0.5,0.6666666666666666,20,4
834,0.75,0.75,1.0,0.5,0.6666666666666666,20,4
835,1.0,1.0,1.0,1.0,1.0,20,4
836,1.0,1.0,1.0,1.0,1.0,20,4
837,1.0,1.0,1.0,1.0,1.0,20,4
838,0.75,0.75,1.0,0.5,0.6666666666666666,20,4
839,0.5,0.5,0.0,0.0,0.0,20,4
840,0.5,0.5,0.0,0.0,0.0,20,4
841,1.0,1.0,1.0,1.0,1.0,20,4
842,0.75,0.75,1.0,0.5,0.6666666666666666,20,4
843,0.5,0.5,0.0,0.0,0.0,20,4
844,1.0,1.0,1.0,1.0,1.0,20,4
845,1.0,1.0,1.0,1.0,1.0,20,4
846,0.75,0.75,1.0,0.5,0.6666666666666666,20,4
847,0.75,0.75,0.6666666666666666,1.0,0.8,20,4
848,1.0,1.0,1.0,1.0,1.0,20,4
849,0.75,0.75,0.6666666666666666,1.0,0.8,20,4
850,0.75,0.75,1.0,0.5,0.6666666666666666,20,4
851,1.0,1.0,1.0,1.0,1.0,20,4
852,1.0,1.0,1.0,1.0,1.0,20,4
853,1.0,1.0,1.0,1.0,1.0,20,4
854,1.0,1.0,1.0,1.0,1.0,20,4
855,1.0,1.0,1.0,1.0,1.0,20,4
856,0.75,0.75,1.0,0.5,0.6666666666666666,20,4
857,1.0,1.0,1.0,1.0,1.0,20,4
858,1.0,1.0,1.0,1.0,1.0,20,4
859,1.0,1.0,1.0,1.0,1.0,20,4
860,0.75,0.75,1.0,0.5,0.6666666666666666,20,4
861,0.75,0.75,1.0,0.5,0.6666666666666666,20,4
862,0.75,0.75,1.0,0.5,0.6666666666666666,20,4
863,1.0,1.0,1.0,1.0,1.0,20,4
864,0.5,0.5,0.0,0.0,0.0,20,4
865,1.0,1.0,1.0,1.0,1.0,20,4
866,0.75,0.75,1.0,0.5,0.6666666666666666,20,4
867,0.75,0.75,0.6666666666666666,1.0,0.8,20,4
868,0.75,0.75,1.0,0.5,0.6666666666666666,20,4
869,1.0,1.0,1.0,1.0,1.0,20,4
870,0.5,0.5,0.5,0.5,0.5,20,4
871,0.75,0.75,1.0,0.5,0.6666666666666666,20,4
872,1.0,1.0,1.0,1.0,1.0,20,4
873,1.0,1.0,1.0,1.0,1.0,20,4
874,0.75,0.75,1.0,0.5,0.6666666666666666,20,4
875,0.75,0.75,1.0,0.5,0.6666666666666666,20,4
876,1.0,1.0,1.0,1.0,1.0,20,4
877,1.0,1.0,1.0,1.0,1.0,20,4
878,1.0,1.0,1.0,1.0,1.0,20,4
879,0.75,0.75,1.0,0.5,0.6666666666666666,20,4
880,1.0,1.0,1.0,1.0,1.0,20,4
881,0.75,0.75,0.6666666666666666,1.0,0.8,20,4
882,1.0,1.0,1.0,1.0,1.0,20,4
883,1.0,1.0,1.0,1.0,1.0,20,4
884,0.75,0.75,1.0,0.5,0.6666666666666666,20,4
885,0.75,0.75,1.0,0.5,0.6666666666666666,20,4
886,0.5,0.5,0.0,0.0,0.0,20,4
887,1.0,1.0,1.0,1.0,1.0,20,4
888,1.0,1.0,1.0,1.0,1.0,20,4
889,0.75,0.75,1.0,0.5,0.6666666666666666,20,4
890,0.5,0.5,0.0,0.0,0.0,20,4
891,0.75,0.75,1.0,0.5,0.6666666666666666,20,4
892,0.75,0.75,1.0,0.5,0.6666666666666666,20,4
893,0.75,0.75,1.0,0.5,0.6666666666666666,20,4
894,1.0,1.0,1.0,1.0,1.0,20,4
895,0.5,0.5,0.5,0.5,0.5,20,4
896,1.0,1.0,1.0,1.0,1.0,20,4
897,1.0,1.0,1.0,1.0,1.0,20,4
898,0.5,0.5,0.0,0.0,0.0,20,4
899,0.75,0.75,1.0,0.5,0.6666666666666666,20,4
900,1.0,1.0,1.0,1.0,1.0,20,4
901,0.5,0.5,0.5,0.5,0.5,20,4
902,1.0,1.0,1.0,1.0,1.0,20,4
903,1.0,1.0,1.0,1.0,1.0,20,4
904,0.75,0.75,0.6666666666666666,1.0,0.8,20,4
905,0.75,0.75,1.0,0.5,0.6666666666666666,20,4
906,0.75,0.75,1.0,0.5,0.6666666666666666,20,4
907,0.75,0.75,1.0,0.5,0.6666666666666666,20,4
908,0.75,0.75,1.0,0.5,0.6666666666666666,20,4
909,1.0,1.0,1.0,1.0,1.0,20,4
910,1.0,1.0,1.0,1.0,1.0,20,4
911,1.0,1.0,1.0,1.0,1.0,20,4
912,0.75,0.75,1.0,0.5,0.6666666666666666,20,4
913,0.5,0.5,0.5,0.5,0.5,20,4
914,0.75,0.75,1.0,0.5,0.6666666666666666,20,4
915,1.0,1.0,1.0,1.0,1.0,20,4
916,1.0,1.0,1.0,1.0,1.0,20,4
917,1.0,1.0,1.0,1.0,1.0,20,4
918,0.5,0.5,0.5,0.5,0.5,20,4
919,0.75,0.75,0.6666666666666666,1.0,0.8,20,4
920,1.0,1.0,1.0,1.0,1.0,20,4
921,1.0,1.0,1.0,1.0,1.0,20,4
922,1.0,1.0,1.0,1.0,1.0,20,4
923,1.0,1.0,1.0,1.0,1.0,20,4
924,0.75,0.75,1.0,0.5,0.6666666666666666,20,4
925,1.0,1.0,1.0,1.0,1.0,20,4
926,0.75,0.75,0.6666666666666666,1.0,0.8,20,4
927,0.75,0.75,1.0,0.5,0.6666666666666666,20,4
928,1.0,1.0,1.0,1.0,1.0,20,4
929,1.0,1.0,1.0,1.0,1.0,20,4
930,1.0,1.0,1.0,1.0,1.0,20,4
931,1.0,1.0,1.0,1.0,1.0,20,4
932,0.75,0.75,1.0,0.5,0.6666666666666666,20,4
933,1.0,1.0,1.0,1.0,1.0,20,4
934,1.0,1.0,1.0,1.0,1.0,20,4
935,1.0,1.0,1.0,1.0,1.0,20,4
936,1.0,1.0,1.0,1.0,1.0,20,4
937,1.0,1.0,1.0,1.0,1.0,20,4
938,0.75,0.75,1.0,0.5,0.6666666666666666,20,4
939,1.0,1.0,1.0,1.0,1.0,20,4
940,0.5,0.5,0.0,0.0,0.0,20,4
941,0.75,0.75,0.6666666666666666,1.0,0.8,20,4
942,0.5,0.5,0.0,0.0,0.0,20,4
943,0.75,0.75,1.0,0.5,0.6666666666666666,20,4
944,1.0,1.0,1.0,1.0,1.0,20,4
945,1.0,1.0,1.0,1.0,1.0,20,4
946,1.0,1.0,1.0,1.0,1.0,20,4
947,0.5,0.5,0.5,0.5,0.5,20,4
948,0.5,0.5,0.0,0.0,0.0,20,4
949,1.0,1.0,1.0,1.0,1.0,20,4
950,0.75,0.75,1.0,0.5,0.6666666666666666,20,4
951,1.0,1.0,1.0,1.0,1.0,20,4
952,0.75,0.75,1.0,0.5,0.6666666666666666,20,4
953,0.75,0.75,1.0,0.5,0.6666666666666666,20,4
954,1.0,1.0,1.0,1.0,1.0,20,4
955,0.75,0.75,1.0,0.5,0.6666666666666666,20,4
956,0.75,0.75,1.0,0.5,0.6666666666666666,20,4
957,1.0,1.0,1.0,1.0,1.0,20,4
958,1.0,1.0,1.0,1.0,1.0,20,4
959,0.75,0.75,1.0,0.5,0.6666666666666666,20,4
960,0.75,0.75,1.0,0.5,0.6666666666666666,20,4
961,1.0,1.0,1.0,1.0,1.0,20,4
962,0.75,0.75,0.6666666666666666,1.0,0.8,20,4
963,0.75,0.75,1.0,0.5,0.6666666666666666,20,4
964,0.75,0.75,1.0,0.5,0.6666666666666666,20,4
965,1.0,1.0,1.0,1.0,1.0,20,4
966,0.75,0.75,0.6666666666666666,1.0,0.8,20,4
967,1.0,1.0,1.0,1.0,1.0,20,4
968,1.0,1.0,1.0,1.0,1.0,20,4
969,1.0,1.0,1.0,1.0,1.0,20,4
970,0.75,0.75,1.0,0.5,0.6666666666666666,20,4
971,0.75,0.75,1.0,0.5,0.6666666666666666,20,4
972,0.75,0.75,0.6666666666666666,1.0,0.8,20,4
973,1.0,1.0,1.0,1.0,1.0,20,4
974,0.5,0.5,0.5,1.0,0.6666666666666666,20,4
975,0.75,0.75,1.0,0.5,0.6666666666666666,20,4
976,1.0,1.0,1.0,1.0,1.0,20,4
977,0.5,0.5,0.0,0.0,0.0,20,4
978,1.0,1.0,1.0,1.0,1.0,20,4
979,0.75,0.75,1.0,0.5,0.6666666666666666,20,4
980,1.0,1.0,1.0,1.0,1.0,20,4
981,1.0,1.0,1.0,1.0,1.0,20,4
982,0.75,0.75,1.0,0.5,0.6666666666666666,20,4
983,1.0,1.0,1.0,1.0,1.0,20,4
984,1.0,1.0,1.0,1.0,1.0,20,4
985,0.75,0.75,1.0,0.5,0.6666666666666666,20,4
986,0.5,0.5,0.0,0.0,0.0,20,4
987,0.75,0.75,0.6666666666666666,1.0,0.8,20,4
988,0.75,0.75,0.6666666666666666,1.0,0.8,20,4
989,1.0,1.0,1.0,1.0,1.0,20,4
990,1.0,1.0,1.0,1.0,1.0,20,4
991,0.75,0.75,0.6666666666666666,1.0,0.8,20,4
992,0.75,0.75,1.0,0.5,0.6666666666666666,20,4
993,1.0,1.0,1.0,1.0,1.0,20,4
994,1.0,1.0,1.0,1.0,1.0,20,4
995,0.75,0.75,1.0,0.5,0.6666666666666666,20,4
996,0.25,0.25,0.0,0.0,0.0,20,4
997,0.75,0.75,1.0,0.5,0.6666666666666666,20,4
998,0.75,0.75,0.6666666666666666,1.0,0.8,20,4
999,0.75,0.75,0.6666666666666666,1.0,0.8,20,4
1000,0.5,0.5,0.5,0.5,0.5,20,4
1001,0.75,0.75,0.6666666666666666,1.0,0.8,20,4
1002,1.0,1.0,1.0,1.0,1.0,20,4
1003,1.0,1.0,1.0,1.0,1.0,20,4
1004,0.5,0.5,0.0,0.0,0.0,20,4
1005,0.75,0.75,1.0,0.5,0.6666666666666666,20,4
1006,0.75,0.75,0.6666666666666666,1.0,0.8,20,4
1007,0.5,0.5,0.5,0.5,0.5,20,4
1008,1.0,1.0,1.0,1.0,1.0,20,4
1009,1.0,1.0,1.0,1.0,1.0,20,4
1010,0.75,0.75,1.0,0.5,0.6666666666666666,20,4
1011,1.0,1.0,1.0,1.0,1.0,20,4
1012,1.0,1.0,1.0,1.0,1.0,20,4
1013,0.75,0.75,1.0,0.5,0.6666666666666666,20,4
1014,0.75,0.75,1.0,0.5,0.6666666666666666,20,4
1015,0.75,0.75,0.6666666666666666,1.0,0.8,20,4
1016,0.5,0.5,0.0,0.0,0.0,20,4
1017,0.75,0.75,0.6666666666666666,1.0,0.8,20,4
1018,0.5,0.5,0.0,0.0,0.0,20,4
1019,1.0,1.0,1.0,1.0,1.0,20,4
1020,0.25,0.25,0.0,0.0,0.0,20,4
1021,1.0,1.0,1.0,1.0,1.0,20,4
1022,0.5,0.5,0.0,0.0,0.0,20,4
1023,1.0,1.0,1.0,1.0,1.0,20,4
1024,1.0,1.0,1.0,1.0,1.0,20,4
1025,0.75,0.75,0.6666666666666666,1.0,0.8,20,4
1026,1.0,1.0,1.0,1.0,1.0,20,4
1027,0.75,0.75,1.0,0.5,0.6666666666666666,20,4
1028,1.0,1.0,1.0,1.0,1.0,20,4
1029,0.5,0.5,0.5,0.5,0.5,20,4
1030,0.75,0.75,1.0,0.5,0.6666666666666666,20,4
1031,0.5,0.5,0.5,0.5,0.5,20,4
1032,1.0,1.0,1.0,1.0,1.0,20,4
1033,1.0,1.0,1.0,1.0,1.0,20,4
1034,0.75,0.75,1.0,0.5,0.6666666666666666,20,4
1035,0.5,0.5,0.0,0.0,0.0,20,4
1036,1.0,1.0,1.0,1.0,1.0,20,4
1037,0.75,0.75,1.0,0.5,0.6666666666666666,20,4
1038,1.0,1.0,1.0,1.0,1.0,20,4
1039,0.75,0.75,0.6666666666666666,1.0,0.8,20,4
1040,1.0,1.0,1.0,1.0,1.0,20,4
1041,1.0,1.0,1.0,1.0,1.0,20,4
1042,0.75,0.75,1.0,0.5,0.6666666666666666,20,4
1043,0.5,0.5,0.5,0.5,0.5,20,4
1044,1.0,1.0,1.0,1.0,1.0,20,4
1045,1.0,1.0,1.0,1.0,1.0,20,4
1046,1.0,1.0,1.0,1.0,1.0,20,4
1047,1.0,1.0,1.0,1.0,1.0,20,4
1048,0.5,0.5,0.5,0.5,0.5,20,4
1049,0.75,0.75,1.0,0.5,0.6666666666666666,20,4
1050,0.75,0.75,1.0,0.5,0.6666666666666666,20,4
1051,1.0,1.0,1.0,1.0,1.0,20,4
1052,1.0,1.0,1.0,1.0,1.0,20,4
1053,0.75,0.75,1.0,0.5,0.6666666666666666,20,4
1054,0.75,0.75,0.6666666666666666,1.0,0.8,20,4
1055,0.75,0.75,1.0,0.5,0.6666666666666666,20,4
1056,0.75,0.75,1.0,0.5,0.6666666666666666,20,4
1057,1.0,1.0,1.0,1.0,1.0,20,4
1058,0.5,0.5,0.0,0.0,0.0,20,4
1059,0.75,0.75,1.0,0.5,0.6666666666666666,20,4
1060,1.0,1.0,1.0,1.0,1.0,20,4
1061,0.75,0.75,0.6666666666666666,1.0,0.8,20,4
1062,1.0,1.0,1.0,1.0,1.0,20,4
1063,0.75,0.75,1.0,0.5,0.6666666666666666,20,4
1064,0.25,0.25,0.0,0.0,0.0,20,4
1065,1.0,1.0,1.0,1.0,1.0,20,4
1066,0.75,0.75,1.0,0.5,0.6666666666666666,20,4
1067,0.75,0.75,0.6666666666666666,1.0,0.8,20,4
1068,1.0,1.0,1.0,1.0,1.0,20,4
1069,0.75,0.75,0.6666666666666666,1.0,0.8,20,4
1070,0.75,0.75,1.0,0.5,0.6666666666666666,20,4
1071,1.0,1.0,1.0,1.0,1.0,20,4
1072,1.0,1.0,1.0,1.0,1.0,20,4
1073,1.0,1.0,1.0,1.0,1.0,20,4
1074,1.0,1.0,1.0,1.0,1.0,20,4
1075,1.0,1.0,1.0,1.0,1.0,20,4
1076,0.75,0.75,0.6666666666666666,1.0,0.8,20,4
1077,1.0,1.0,1.0,1.0,1.0,20,4
1078,1.0,1.0,1.0,1.0,1.0,20,4
1079,1.0,1.0,1.0,1.0,1.0,20,4
1080,1.0,1.0,1.0,1.0,1.0,20,4
1081,0.75,0.75,1.0,0.5,0.6666666666666666,20,4
1082,0.75,0.75,1.0,0.5,0.6666666666666666,20,4
1083,0.75,0.75,1.0,0.5,0.6666666666666666,20,4
1084,0.75,0.75,1.0,0.5,0.6666666666666666,20,4
1085,0.5,0.5,0.0,0.0,0.0,20,4
1086,1.0,1.0,1.0,1.0,1.0,20,4
1087,0.5,0.5,0.0,0.0,0.0,20,4
1088,1.0,1.0,1.0,1.0,1.0,20,4
1089,1.0,1.0,1.0,1.0,1.0,20,4
1090,0.5,0.5,0.0,0.0,0.0,20,4
1091,0.75,0.75,1.0,0.5,0.6666666666666666,20,4
1092,0.75,0.75,1.0,0.5,0.6666666666666666,20,4
1093,1.0,1.0,1.0,1.0,1.0,20,4
1094,1.0,1.0,1.0,1.0,1.0,20,4
1095,1.0,1.0,1.0,1.0,1.0,20,4
1096,0.75,0.75,0.6666666666666666,1.0,0.8,20,4
1097,0.75,0.75,1.0,0.5,0.6666666666666666,20,4
1098,0.75,0.75,1.0,0.5,0.6666666666666666,20,4
1099,1.0,1.0,1.0,1.0,1.0,20,4
1100,0.75,0.75,1.0,0.5,0.6666666666666666,20,4
1101,0.75,0.75,1.0,0.5,0.6666666666666666,20,4
1102,1.0,1.0,1.0,1.0,1.0,20,4
1103,0.5,0.5,0.0,0.0,0.0,20,4
1104,0.75,0.75,1.0,0.5,0.6666666666666666,20,4
1105,0.75,0.75,1.0,0.5,0.6666666666666666,20,4
1106,0.75,0.75,1.0,0.5,0.6666666666666666,20,4
1107,0.5,0.5,0.5,0.5,0.5,20,4
1108,0.75,0.75,1.0,0.5,0.6666666666666666,20,4
1109,0.75,0.75,1.0,0.5,0.6666666666666666,20,4
1110,0.75,0.75,1.0,0.5,0.6666666666666666,20,4
1111,0.5,0.5,0.5,0.5,0.5,20,4
1112,0.75,0.75,0.6666666666666666,1.0,0.8,20,4
1113,0.5,0.5,0.0,0.0,0.0,20,4
1114,0.75,0.75,1.0,0.5,0.6666666666666666,20,4
1115,0.75,0.75,1.0,0.5,0.6666666666666666,20,4
1116,0.75,0.75,1.0,0.5,0.6666666666666666,20,4
1117,1.0,1.0,1.0,1.0,1.0,20,4
1118,1.0,1.0,1.0,1.0,1.0,20,4
1119,1.0,1.0,1.0,1.0,1.0,20,4
1120,1.0,1.0,1.0,1.0,1.0,20,4
1121,0.75,0.75,0.6666666666666666,1.0,0.8,20,4
1122,0.75,0.75,1.0,0.5,0.6666666666666666,20,4
1123,1.0,1.0,1.0,1.0,1.0,20,4
1124,1.0,1.0,1.0,1.0,1.0,20,4
1125,1.0,1.0,1.0,1.0,1.0,20,4
1126,0.75,0.75,1.0,0.5,0.6666666666666666,20,4
1127,0.75,0.75,1.0,0.5,0.6666666666666666,20,4
1128,1.0,1.0,1.0,1.0,1.0,20,4
1129,1.0,1.0,1.0,1.0,1.0,20,4
1130,0.5,0.5,0.5,0.5,0.5,20,4
1131,1.0,1.0,1.0,1.0,1.0,20,4
1132,0.75,0.75,0.6666666666666666,1.0,0.8,20,4
1133,0.75,0.75,1.0,0.5,0.6666666666666666,20,4
1134,1.0,1.0,1.0,1.0,1.0,20,4
1135,0.75,0.75,1.0,0.5,0.6666666666666666,20,4
1136,0.75,0.75,1.0,0.5,0.6666666666666666,20,4
1137,1.0,1.0,1.0,1.0,1.0,20,4
1138,1.0,1.0,1.0,1.0,1.0,20,4
1139,1.0,1.0,1.0,1.0,1.0,20,4
1140,1.0,1.0,1.0,1.0,1.0,20,4
1141,1.0,1.0,1.0,1.0,1.0,20,4
1142,0.5,0.5,0.5,0.5,0.5,20,4
1143,1.0,1.0,1.0,1.0,1.0,20,4
1144,1.0,1.0,1.0,1.0,1.0,20,4
1145,0.5,0.5,0.0,0.0,0.0,20,4
1146,0.75,0.75,0.6666666666666666,1.0,0.8,20,4
1147,0.75,0.75,1.0,0.5,0.6666666666666666,20,4
1148,0.75,0.75,1.0,0.5,0.6666666666666666,20,4
1149,0.75,0.75,0.6666666666666666,1.0,0.8,20,4
1150,1.0,1.0,1.0,1.0,1.0,20,4
1151,1.0,1.0,1.0,1.0,1.0,20,4
1152,0.5,0.5,0.0,0.0,0.0,20,4
1153,1.0,1.0,1.0,1.0,1.0,20,4
1154,1.0,1.0,1.0,1.0,1.0,20,4
1155,0.75,0.75,1.0,0.5,0.6666666666666666,20,4
1156,0.75,0.75,1.0,0.5,0.6666666666666666,20,4
1157,1.0,1.0,1.0,1.0,1.0,20,4
1158,1.0,1.0,1.0,1.0,1.0,20,4
1159,1.0,1.0,1.0,1.0,1.0,20,4
1160,1.0,1.0,1.0,1.0,1.0,20,4
1161,0.75,0.75,1.0,0.5,0.6666666666666666,20,4
1162,1.0,1.0,1.0,1.0,1.0,20,4
1163,1.0,1.0,1.0,1.0,1.0,20,4
1164,1.0,1.0,1.0,1.0,1.0,20,4
1165,1.0,1.0,1.0,1.0,1.0,20,4
1166,1.0,1.0,1.0,1.0,1.0,20,4
1167,0.75,0.75,1.0,0.5,0.6666666666666666,20,4
1168,1.0,1.0,1.0,1.0,1.0,20,4
1169,0.75,0.75,1.0,0.5,0.6666666666666666,20,4
1170,0.5,0.5,0.5,0.5,0.5,20,4
1171,1.0,1.0,1.0,1.0,1.0,20,4
1172,0.75,0.75,0.6666666666666666,1.0,0.8,20,4
1173,0.75,0.75,1.0,0.5,0.6666666666666666,20,4
1174,0.75,0.75,1.0,0.5,0.6666666666666666,20,4
1175,0.75,0.75,1.0,0.5,0.6666666666666666,20,4
1176,0.75,0.75,0.6666666666666666,1.0,0.8,20,4
1177,0.75,0.75,1.0,0.5,0.6666666666666666,20,4
1178,1.0,1.0,1.0,1.0,1.0,20,4
1179,1.0,1.0,1.0,1.0,1.0,20,4
1180,1.0,1.0,1.0,1.0,1.0,20,4
1181,0.75,0.75,1.0,0.5,0.6666666666666666,20,4
1182,1.0,1.0,1.0,1.0,1.0,20,4
1183,1.0,1.0,1.0,1.0,1.0,20,4
1184,0.25,0.25,0.3333333333333333,0.5,0.4,20,4
1185,0.25,0.25,0.0,0.0,0.0,20,4
1186,0.75,0.75,1.0,0.5,0.6666666666666666,20,4
1187,1.0,1.0,1.0,1.0,1.0,20,4
1188,1.0,1.0,1.0,1.0,1.0,20,4
1189,0.75,0.75,0.6666666666666666,1.0,0.8,20,4
1190,0.75,0.75,1.0,0.5,0.6666666666666666,20,4
1191,1.0,1.0,1.0,1.0,1.0,20,4
1192,1.0,1.0,1.0,1.0,1.0,20,4
1193,1.0,1.0,1.0,1.0,1.0,20,4
1194,0.75,0.75,1.0,0.5,0.6666666666666666,20,4
1195,1.0,1.0,1.0,1.0,1.0,20,4
1196,0.75,0.75,1.0,0.5,0.6666666666666666,20,4
1197,0.75,0.75,1.0,0.5,0.6666666666666666,20,4
1198,0.5,0.5,0.5,0.5,0.5,20,4
1199,1.0,1.0,1.0,1.0,1.0,20,4
1200,0.75,0.75,1.0,0.5,0.6666666666666666,20,4
1201,1.0,1.0,1.0,1.0,1.0,20,4
1202,0.75,0.75,1.0,0.5,0.6666666666666666,20,4
1203,0.75,0.75,1.0,0.5,0.6666666666666666,20,4
1204,0.75,0.75,1.0,0.5,0.6666666666666666,20,4
1205,0.75,0.75,1.0,0.5,0.6666666666666666,20,4
1206,1.0,1.0,1.0,1.0,1.0,20,4
1207,1.0,1.0,1.0,1.0,1.0,20,4
1208,1.0,1.0,1.0,1.0,1.0,20,4
1209,0.75,0.75,1.0,0.5,0.6666666666666666,20,4
1210,1.0,1.0,1.0,1.0,1.0,20,4
1211,1.0,1.0,1.0,1.0,1.0,20,4
1212,0.75,0.75,1.0,0.5,0.6666666666666666,20,4
1213,1.0,1.0,1.0,1.0,1.0,20,4
1214,1.0,1.0,1.0,1.0,1.0,20,4
1215,0.75,0.75,0.6666666666666666,1.0,0.8,20,4
1216,0.75,0.75,0.6666666666666666,1.0,0.8,20,4
1217,1.0,1.0,1.0,1.0,1.0,20,4
1218,0.75,0.75,1.0,0.5,0.6666666666666666,20,4
1219,1.0,1.0,1.0,1.0,1.0,20,4
1220,1.0,1.0,1.0,1.0,1.0,20,4
1221,1.0,1.0,1.0,1.0,1.0,20,4
1222,1.0,1.0,1.0,1.0,1.0,20,4
1223,0.75,0.75,1.0,0.5,0.6666666666666666,20,4
1224,1.0,1.0,1.0,1.0,1.0,20,4
1225,1.0,1.0,1.0,1.0,1.0,20,4
1226,1.0,1.0,1.0,1.0,1.0,20,4
1227,0.75,0.75,1.0,0.5,0.6666666666666666,20,4
1228,1.0,1.0,1.0,1.0,1.0,20,4
1229,1.0,1.0,1.0,1.0,1.0,20,4
1230,0.5,0.5,0.5,0.5,0.5,20,4
1231,0.75,0.75,1.0,0.5,0.6666666666666666,20,4
1232,1.0,1.0,1.0,1.0,1.0,20,4
1233,0.75,0.75,1.0,0.5,0.6666666666666666,20,4
1234,1.0,1.0,1.0,1.0,1.0,20,4
1235,0.5,0.5,0.0,0.0,0.0,20,4
1236,1.0,1.0,1.0,1.0,1.0,20,4
1237,0.75,0.75,0.6666666666666666,1.0,0.8,20,4
1238,1.0,1.0,1.0,1.0,1.0,20,4
1239,0.75,0.75,1.0,0.5,0.6666666666666666,20,4
1240,0.75,0.75,1.0,0.5,0.6666666666666666,20,4
1241,0.75,0.75,1.0,0.5,0.6666666666666666,20,4
1242,1.0,1.0,1.0,1.0,1.0,20,4
1243,1.0,1.0,1.0,1.0,1.0,20,4
1244,0.75,0.75,1.0,0.5,0.6666666666666666,20,4
1245,1.0,1.0,1.0,1.0,1.0,20,4
1246,1.0,1.0,1.0,1.0,1.0,20,4
1247,0.75,0.75,0.6666666666666666,1.0,0.8,20,4
1248,0.75,0.75,1.0,0.5,0.6666666666666666,20,4
1249,0.5,0.5,0.0,0.0,0.0,20,4
1250,0.75,0.75,1.0,0.5,0.6666666666666666,20,4
1251,0.75,0.75,0.6666666666666666,1.0,0.8,20,4
1252,0.5,0.5,0.0,0.0,0.0,20,4
1253,1.0,1.0,1.0,1.0,1.0,20,4
1254,1.0,1.0,1.0,1.0,1.0,20,4
1255,0.75,0.75,0.6666666666666666,1.0,0.8,20,4
1256,1.0,1.0,1.0,1.0,1.0,20,4
1257,0.5,0.5,0.0,0.0,0.0,20,4
1258,1.0,1.0,1.0,1.0,1.0,20,4
1259,0.5,0.5,0.5,1.0,0.6666666666666666,20,4
1260,1.0,1.0,1.0,1.0,1.0,20,4
1261,0.75,0.75,1.0,0.5,0.6666666666666666,20,4
1262,1.0,1.0,1.0,1.0,1.0,20,4
1263,0.75,0.75,1.0,0.5,0.6666666666666666,20,4
1264,0.25,0.25,0.0,0.0,0.0,20,4
1265,1.0,1.0,1.0,1.0,1.0,20,4
1266,0.75,0.75,1.0,0.5,0.6666666666666666,20,4
1267,0.75,0.75,1.0,0.5,0.6666666666666666,20,4
1268,1.0,1.0,1.0,1.0,1.0,20,4
1269,0.75,0.75,1.0,0.5,0.6666666666666666,20,4
1270,1.0,1.0,1.0,1.0,1.0,20,4
1271,0.5,0.5,0.0,0.0,0.0,20,4
1272,0.75,0.75,1.0,0.5,0.6666666666666666,20,4
1273,0.5,0.5,0.5,0.5,0.5,20,4
1274,0.75,0.75,1.0,0.5,0.6666666666666666,20,4
1275,0.75,0.75,0.6666666666666666,1.0,0.8,20,4
1276,1.0,1.0,1.0,1.0,1.0,20,4
1277,0.75,0.75,1.0,0.5,0.6666666666666666,20,4
1278,1.0,1.0,1.0,1.0,1.0,20,4
1279,0.75,0.75,0.6666666666666666,1.0,0.8,20,4
1280,1.0,1.0,1.0,1.0,1.0,20,4
1281,0.75,0.75,1.0,0.5,0.6666666666666666,20,4
1282,1.0,1.0,1.0,1.0,1.0,20,4
1283,1.0,1.0,1.0,1.0,1.0,20,4
1284,1.0,1.0,1.0,1.0,1.0,20,4
1285,1.0,1.0,1.0,1.0,1.0,20,4
1286,1.0,1.0,1.0,1.0,1.0,20,4
1287,0.75,0.75,0.6666666666666666,1.0,0.8,20,4
1288,1.0,1.0,1.0,1.0,1.0,20,4
1289,1.0,1.0,1.0,1.0,1.0,20,4
1290,0.75,0.75,0.6666666666666666,1.0,0.8,20,4
1291,0.25,0.25,0.0,0.0,0.0,20,4
1292,0.75,0.75,1.0,0.5,0.6666666666666666,20,4
1293,1.0,1.0,1.0,1.0,1.0,20,4
1294,1.0,1.0,1.0,1.0,1.0,20,4
1295,1.0,1.0,1.0,1.0,1.0,20,4
